mpg,displ,hp,weight,accel,size,origin_Asia,origin_Europe,origin_US
18.0,250.0,88,3139,14.5,15.0,0,0,1
9.0,304.0,193,4732,18.5,20.0,0,0,1
36.1,91.0,60,1800,16.4,10.0,1,0,0
18.5,250.0,98,3525,19.0,15.0,0,0,1
34.3,97.0,78,2188,15.8,10.0,0,1,0
32.9,119.0,100,2615,14.8,10.0,1,0,0
32.2,108.0,75,2265,15.2,10.0,1,0,0
22.0,121.0,76,2511,18.0,10.0,0,1,0
15.0,302.0,130,4295,14.9,20.0,0,0,1
17.0,302.0,140,3449,10.5,20.0,0,0,1
44.0,97.0,52,2130,24.6,10.0,0,1,0
24.5,151.0,88,2740,16.0,10.0,0,0,1
32.0,135.0,84,2295,11.6,10.0,0,0,1
14.0,351.0,148,4657,13.5,20.0,0,0,1
15.0,400.0,150,3761,9.5,20.0,0,0,1
13.0,307.0,130,4098,14.0,20.0,0,0,1
36.0,79.0,58,1825,18.6,10.0,0,1,0
31.0,119.0,82,2720,19.4,10.0,0,0,1
32.0,71.0,65,1836,21.0,10.0,1,0,0
21.5,80.0,110,2720,13.5,7.5,1,0,0
19.0,225.0,95,3264,16.0,15.0,0,0,1
17.0,231.0,110,3907,21.0,15.0,0,0,1
16.0,302.0,140,4141,14.0,20.0,0,0,1
15.0,383.0,170,3563,10.0,20.0,0,0,1
23.0,140.0,78,2592,18.5,10.0,0,0,1
26.0,98.0,90,2265,15.5,10.0,0,1,0
32.0,144.0,96,2665,13.9,10.0,1,0,0
24.0,113.0,95,2372,15.0,10.0,1,0,0
21.0,231.0,110,3039,15.0,15.0,0,0,1
31.3,120.0,75,2542,17.5,10.0,1,0,0
32.7,168.0,132,2910,11.4,15.0,1,0,0
15.0,304.0,150,3892,12.5,20.0,0,0,1
23.0,140.0,83,2639,17.0,10.0,0,0,1
17.6,225.0,85,3465,16.6,15.0,0,0,1
28.0,107.0,86,2464,15.5,10.0,0,1,0
24.0,116.0,75,2158,15.5,10.0,0,1,0
14.0,302.0,140,4638,16.0,20.0,0,0,1
18.1,302.0,139,3205,11.2,20.0,0,0,1
36.0,98.0,70,2125,17.3,10.0,0,0,1
29.0,85.0,52,2035,22.2,10.0,0,0,1
35.1,81.0,60,1760,16.1,10.0,1,0,0
36.0,135.0,84,2370,13.0,10.0,0,0,1
16.5,351.0,138,3955,13.2,20.0,0,0,1
16.0,400.0,180,4220,11.1,20.0,0,0,1
29.9,98.0,65,2380,20.7,10.0,0,0,1
31.0,79.0,67,1950,19.0,10.0,1,0,0
27.2,119.0,97,2300,14.7,10.0,1,0,0
14.0,318.0,150,4457,13.5,20.0,0,0,1
32.1,98.0,70,2120,15.5,10.0,0,0,1
15.0,250.0,100,3336,17.0,15.0,0,0,1
12.0,383.0,180,4955,11.5,20.0,0,0,1
17.6,302.0,129,3725,13.4,20.0,0,0,1
25.0,113.0,95,2228,14.0,10.0,1,0,0
28.4,151.0,90,2670,16.0,10.0,0,0,1
29.0,98.0,83,2219,16.5,10.0,0,1,0
30.9,105.0,75,2230,14.5,10.0,0,0,1
20.0,232.0,100,2914,16.0,15.0,0,0,1
20.8,200.0,85,3070,16.7,15.0,0,0,1
22.0,232.0,112,2835,14.7,15.0,0,0,1
38.0,91.0,67,1965,15.0,10.0,1,0,0
31.0,71.0,65,1773,19.0,10.0,1,0,0
19.0,250.0,88,3302,15.5,15.0,0,0,1
16.0,250.0,100,3781,17.0,15.0,0,0,1
25.0,140.0,75,2542,17.0,10.0,0,0,1
22.0,225.0,100,3233,15.4,15.0,0,0,1
26.0,91.0,70,1955,20.5,10.0,0,0,1
13.0,350.0,145,4055,12.0,20.0,0,0,1
19.9,260.0,110,3365,15.5,20.0,0,0,1
11.0,318.0,210,4382,13.5,20.0,0,0,1
28.0,98.0,80,2164,15.0,10.0,0,0,1
15.5,318.0,145,4140,13.7,20.0,0,0,1
26.0,96.0,69,2189,18.0,10.0,0,1,0
14.0,318.0,150,4237,14.5,20.0,0,0,1
12.0,429.0,198,4952,11.5,20.0,0,0,1
24.2,146.0,120,2930,13.8,15.0,1,0,0
25.0,140.0,92,2572,14.9,10.0,0,0,1
22.5,232.0,90,3085,17.6,15.0,0,0,1
26.8,173.0,115,2700,12.9,15.0,0,0,1
23.0,198.0,95,2904,16.0,15.0,0,0,1
26.0,116.0,75,2246,14.0,10.0,0,1,0
30.7,145.0,76,3160,19.6,15.0,0,1,0
31.0,79.0,67,2000,16.0,10.0,0,1,0
27.2,141.0,71,3190,24.8,10.0,0,1,0
21.5,231.0,115,3245,15.4,15.0,0,0,1
29.0,135.0,84,2525,16.0,10.0,0,0,1
20.0,114.0,91,2582,14.0,10.0,0,1,0
13.0,350.0,150,4699,14.5,20.0,0,0,1
14.0,440.0,215,4312,8.5,20.0,0,0,1
38.0,91.0,67,1995,16.2,10.0,1,0,0
13.0,400.0,175,5140,12.0,20.0,0,0,1
24.5,98.0,60,2164,22.1,10.0,0,0,1
13.0,350.0,175,4100,13.0,20.0,0,0,1
25.0,181.0,110,2945,16.4,15.0,0,0,1
24.0,113.0,95,2278,15.5,10.0,1,0,0
34.1,91.0,68,1985,16.0,10.0,1,0,0
13.0,400.0,150,4464,12.0,20.0,0,0,1
44.6,91.0,67,1850,13.8,10.0,1,0,0
20.5,200.0,95,3155,18.2,15.0,0,0,1
18.0,258.0,110,2962,13.5,15.0,0,0,1
23.2,156.0,105,2745,16.7,10.0,0,0,1
20.0,130.0,102,3150,15.7,10.0,0,1,0
24.0,121.0,110,2660,14.0,10.0,0,1,0
25.5,140.0,89,2755,15.8,10.0,0,0,1
36.1,98.0,66,1800,14.4,10.0,0,0,1
23.0,120.0,88,2957,17.0,10.0,0,1,0
24.0,90.0,75,2108,15.5,10.0,0,1,0
18.0,250.0,78,3574,21.0,15.0,0,0,1
26.6,350.0,105,3725,19.0,20.0,0,0,1
32.0,85.0,70,1990,17.0,10.0,1,0,0
20.3,131.0,103,2830,15.9,12.5,0,1,0
27.0,97.0,60,1834,19.0,10.0,0,1,0
17.0,304.0,150,3672,11.5,20.0,0,0,1
21.0,140.0,72,2401,19.5,10.0,0,0,1
13.0,400.0,170,4746,12.0,20.0,0,0,1
24.0,107.0,90,2430,14.5,10.0,0,1,0
17.0,260.0,110,4060,19.0,20.0,0,0,1
39.1,79.0,58,1755,16.9,10.0,1,0,0
14.5,351.0,152,4215,12.8,20.0,0,0,1
13.0,350.0,145,3988,13.0,20.0,0,0,1
20.2,302.0,139,3570,12.8,20.0,0,0,1
27.0,101.0,83,2202,15.3,10.0,0,1,0
35.0,72.0,69,1613,18.0,10.0,1,0,0
15.0,318.0,150,3777,12.5,20.0,0,0,1
36.4,121.0,67,2950,19.9,12.5,0,1,0
30.0,111.0,80,2155,14.8,10.0,0,0,1
31.9,89.0,71,1925,14.0,10.0,0,1,0
26.0,97.0,46,1835,20.5,10.0,0,1,0
16.0,225.0,105,3439,15.5,15.0,0,0,1
20.0,140.0,90,2408,19.5,10.0,0,0,1
18.6,225.0,110,3620,18.7,15.0,0,0,1
14.0,400.0,175,4464,11.5,20.0,0,0,1
25.0,97.5,80,2126,17.0,10.0,0,0,1
33.0,105.0,74,2190,14.2,10.0,0,1,0
14.0,318.0,150,4096,13.0,20.0,0,0,1
18.5,360.0,150,3940,13.0,20.0,0,0,1
37.2,86.0,65,2019,16.4,10.0,1,0,0
18.0,232.0,100,3288,15.5,15.0,0,0,1
44.3,90.0,48,2085,21.7,10.0,0,1,0
18.0,250.0,105,3459,16.0,15.0,0,0,1
28.0,140.0,90,2264,15.5,10.0,0,0,1
43.4,90.0,48,2335,23.7,10.0,0,1,0
20.6,231.0,105,3380,15.8,15.0,0,0,1
19.2,231.0,105,3535,19.2,15.0,0,0,1
26.4,140.0,88,2870,18.1,10.0,0,0,1
18.0,232.0,100,2945,16.0,15.0,0,0,1
28.0,97.0,75,2155,16.4,10.0,1,0,0
26.0,121.0,113,2234,12.5,10.0,0,1,0
13.0,400.0,190,4422,12.5,20.0,0,0,1
25.8,156.0,92,2620,14.4,10.0,0,0,1
28.1,141.0,80,3230,20.4,10.0,0,1,0
13.0,350.0,165,4274,12.0,20.0,0,0,1
16.5,350.0,180,4380,12.1,20.0,0,0,1
31.5,89.0,71,1990,14.9,10.0,0,1,0
24.0,120.0,97,2489,15.0,10.0,1,0,0
15.0,250.0,72,3158,19.5,15.0,0,0,1
18.0,225.0,105,3613,16.5,15.0,0,0,1
33.5,151.0,90,2556,13.2,10.0,0,0,1
32.4,108.0,75,2350,16.8,10.0,1,0,0
27.0,97.0,88,2130,14.5,10.0,1,0,0
13.0,350.0,155,4502,13.5,20.0,0,0,1
31.0,91.0,68,1970,17.6,10.0,1,0,0
28.0,151.0,90,2678,16.5,10.0,0,0,1
27.2,135.0,84,2490,15.7,10.0,0,0,1
21.0,120.0,87,2979,19.5,10.0,0,1,0
19.0,121.0,112,2868,15.5,10.0,0,1,0
25.0,110.0,87,2672,17.5,10.0,0,1,0
23.0,350.0,125,3900,17.4,20.0,0,0,1
19.0,156.0,108,2930,15.5,15.0,1,0,0
15.5,351.0,142,4054,14.3,20.0,0,0,1
23.9,119.0,97,2405,14.9,10.0,1,0,0
22.0,250.0,105,3353,14.5,15.0,0,0,1
29.0,97.0,75,2171,16.0,10.0,1,0,0
14.0,302.0,137,4042,14.5,20.0,0,0,1
15.0,318.0,150,3399,11.0,20.0,0,0,1
27.0,112.0,88,2640,18.6,10.0,0,0,1
15.0,350.0,145,4440,14.0,20.0,0,0,1
30.5,98.0,63,2051,17.0,10.0,0,0,1
25.0,104.0,95,2375,17.5,10.0,0,1,0
17.5,305.0,140,4215,13.0,20.0,0,0,1
34.0,112.0,88,2395,18.0,10.0,0,0,1
38.0,262.0,85,3015,17.0,15.0,0,0,1
30.0,79.0,70,2074,19.5,10.0,0,1,0
19.8,200.0,85,2990,18.2,15.0,0,0,1
25.0,121.0,115,2671,13.5,10.0,0,1,0
21.0,122.0,86,2226,16.5,10.0,0,0,1
26.0,98.0,79,2255,17.7,10.0,0,0,1
16.5,168.0,120,3820,16.7,15.0,0,1,0
18.1,258.0,120,3410,15.1,15.0,0,0,1
46.6,86.0,65,2110,17.9,10.0,1,0,0
21.5,121.0,110,2600,12.8,10.0,0,1,0
14.0,454.0,220,4354,9.0,20.0,0,0,1
21.6,121.0,115,2795,15.7,10.0,0,1,0
15.5,350.0,170,4165,11.4,20.0,0,0,1
20.5,225.0,100,3430,17.2,15.0,0,0,1
23.9,260.0,90,3420,22.2,20.0,0,0,1
12.0,455.0,225,4951,11.0,20.0,0,0,1
20.2,200.0,85,2965,15.8,15.0,0,0,1
34.4,98.0,65,2045,16.2,10.0,0,0,1
23.0,120.0,97,2506,14.5,10.0,1,0,0
24.3,151.0,90,3003,20.1,10.0,0,0,1
19.0,232.0,90,3211,17.0,15.0,0,0,1
29.0,68.0,49,1867,19.5,10.0,0,1,0
23.5,173.0,110,2725,12.6,15.0,0,0,1
34.0,108.0,70,2245,16.9,10.0,1,0,0
37.0,119.0,92,2434,15.0,10.0,1,0,0
33.0,91.0,53,1795,17.5,10.0,1,0,0
18.0,232.0,100,2789,15.0,15.0,0,0,1
15.0,390.0,190,3850,8.5,20.0,0,0,1
34.7,105.0,63,2215,14.9,10.0,0,0,1
19.4,232.0,90,3210,17.2,15.0,0,0,1
32.0,91.0,67,1965,15.7,10.0,1,0,0
34.1,86.0,65,1975,15.2,10.0,1,0,0
33.7,107.0,75,2210,14.4,10.0,1,0,0
20.0,225.0,100,3651,17.7,15.0,0,0,1
15.0,258.0,110,3730,19.0,15.0,0,0,1
38.1,89.0,60,1968,18.8,10.0,1,0,0
26.0,108.0,93,2391,15.5,10.0,1,0,0
27.0,97.0,88,2100,16.5,10.0,1,0,0
16.0,318.0,150,4498,14.5,20.0,0,0,1
17.0,250.0,100,3329,15.5,15.0,0,0,1
13.0,318.0,150,3940,13.2,20.0,0,0,1
28.0,112.0,88,2605,19.6,10.0,0,0,1
14.0,455.0,225,3086,10.0,20.0,0,0,1
31.5,98.0,68,2045,18.5,10.0,1,0,0
34.5,105.0,70,2150,14.9,10.0,0,0,1
11.0,429.0,208,4633,11.0,20.0,0,0,1
16.0,250.0,105,3897,18.5,15.0,0,0,1
31.6,120.0,74,2635,18.3,10.0,1,0,0
19.1,225.0,90,3381,18.7,15.0,0,0,1
18.5,250.0,110,3645,16.2,15.0,0,0,1
15.0,250.0,72,3432,21.0,15.0,0,0,1
18.0,199.0,97,2774,15.5,15.0,0,0,1
35.0,122.0,88,2500,15.1,10.0,0,1,0
20.2,200.0,88,3060,17.1,15.0,0,0,1
13.0,302.0,129,3169,12.0,20.0,0,0,1
31.0,112.0,85,2575,16.2,10.0,0,0,1
22.0,122.0,86,2395,16.0,10.0,0,0,1
11.0,400.0,150,4997,14.0,20.0,0,0,1
33.5,85.0,70,1945,16.8,10.0,1,0,0
43.1,90.0,48,1985,21.5,10.0,0,1,0
25.4,183.0,77,3530,20.1,12.5,0,1,0
40.8,85.0,65,2110,19.2,10.0,1,0,0
14.0,400.0,175,4385,12.0,20.0,0,0,1
29.8,134.0,90,2711,15.5,10.0,1,0,0
16.0,318.0,150,4190,13.0,20.0,0,0,1
20.6,225.0,110,3360,16.6,15.0,0,0,1
18.0,307.0,130,3504,12.0,20.0,0,0,1
33.0,91.0,53,1795,17.4,10.0,1,0,0
31.8,85.0,65,2020,19.2,10.0,1,0,0
13.0,351.0,158,4363,13.0,20.0,0,0,1
20.0,198.0,95,3102,16.5,15.0,0,0,1
32.0,83.0,61,2003,19.0,10.0,1,0,0
13.0,440.0,215,4735,11.0,20.0,0,0,1
23.7,70.0,100,2420,12.5,7.5,1,0,0
19.2,305.0,145,3425,13.2,20.0,0,0,1
37.0,91.0,68,2025,18.2,10.0,1,0,0
18.0,318.0,150,3436,11.0,20.0,0,0,1
19.0,120.0,88,3270,21.9,10.0,0,1,0
32.3,97.0,67,2065,17.8,10.0,1,0,0
18.0,225.0,105,3121,16.5,15.0,0,0,1
13.0,360.0,175,3821,11.0,20.0,0,0,1
12.0,350.0,160,4456,13.5,20.0,0,0,1
36.0,105.0,74,1980,15.3,10.0,0,1,0
18.2,318.0,135,3830,15.2,20.0,0,0,1
19.0,232.0,100,2634,13.0,15.0,0,0,1
30.0,146.0,67,3250,21.8,10.0,0,1,0
15.0,429.0,198,4341,10.0,20.0,0,0,1
11.0,350.0,180,3664,11.0,20.0,0,0,1
10.0,360.0,215,4615,14.0,20.0,0,0,1
16.0,250.0,100,3278,18.0,15.0,0,0,1
14.0,455.0,225,4425,10.0,20.0,0,0,1
16.9,350.0,155,4360,14.9,20.0,0,0,1
13.0,360.0,170,4654,13.0,20.0,0,0,1
25.0,116.0,81,2220,16.9,10.0,0,1,0
21.0,200.0,85,2587,16.0,15.0,0,0,1
21.1,134.0,95,2515,14.8,10.0,1,0,0
26.0,122.0,80,2451,16.5,10.0,0,0,1
28.0,97.0,92,2288,17.0,10.0,1,0,0
29.0,90.0,70,1937,14.0,10.0,0,1,0
16.0,351.0,149,4335,14.5,20.0,0,0,1
26.6,151.0,84,2635,16.4,10.0,0,0,1
19.0,70.0,97,2330,13.5,7.5,1,0,0
32.8,78.0,52,1985,19.4,10.0,1,0,0
22.0,140.0,72,2408,19.0,10.0,0,0,1
19.0,122.0,85,2310,18.5,10.0,0,0,1
31.0,76.0,52,1649,16.5,10.0,1,0,0
23.0,115.0,95,2694,15.0,10.0,0,1,0
29.5,97.0,71,1825,12.2,10.0,0,1,0
17.5,318.0,140,4080,13.7,20.0,0,0,1
19.0,250.0,100,3282,15.0,15.0,0,0,1
24.0,134.0,96,2702,13.5,10.0,1,0,0
14.0,304.0,150,4257,15.5,20.0,0,0,1
28.0,90.0,75,2125,14.5,10.0,0,0,1
21.0,155.0,107,2472,14.0,15.0,0,0,1
22.4,231.0,110,3415,15.8,15.0,0,0,1
36.0,107.0,75,2205,14.5,10.0,1,0,0
18.0,171.0,97,2984,14.5,15.0,0,0,1
16.2,163.0,133,3410,15.8,15.0,0,1,0
39.4,85.0,70,2070,18.6,10.0,1,0,0
30.0,97.0,67,1985,16.4,10.0,1,0,0
18.0,121.0,112,2933,14.5,10.0,0,1,0
17.5,305.0,145,3880,12.5,20.0,0,0,1
28.8,173.0,115,2595,11.3,15.0,0,0,1
22.0,121.0,98,2945,14.5,10.0,0,1,0
34.2,105.0,70,2200,13.2,10.0,0,0,1
30.5,97.0,78,2190,14.1,10.0,0,1,0
16.0,400.0,230,4278,9.5,20.0,0,0,1
38.0,105.0,63,2125,14.7,10.0,0,0,1
41.5,98.0,76,2144,14.7,10.0,0,1,0
27.9,156.0,105,2800,14.4,10.0,0,0,1
22.0,198.0,95,2833,15.5,15.0,0,0,1
29.8,89.0,62,1845,15.3,10.0,0,1,0
17.7,231.0,165,3445,13.4,15.0,0,0,1
15.0,350.0,165,3693,11.5,20.0,0,0,1
14.0,340.0,160,3609,8.0,20.0,0,0,1
15.5,400.0,190,4325,12.2,20.0,0,0,1
17.5,258.0,95,3193,17.8,15.0,0,0,1
12.0,350.0,180,4499,12.5,20.0,0,0,1
29.0,97.0,78,1940,14.5,10.0,0,1,0
15.5,304.0,120,3962,13.9,20.0,0,0,1
35.7,98.0,80,1915,14.4,10.0,0,0,1
26.0,97.0,75,2265,18.2,10.0,1,0,0
30.0,98.0,68,2155,16.5,10.0,0,0,1
33.8,97.0,67,2145,18.0,10.0,1,0,0
18.0,225.0,95,3785,19.0,15.0,0,0,1
13.0,302.0,140,4294,16.0,20.0,0,0,1
20.0,262.0,110,3221,13.5,20.0,0,0,1
32.4,107.0,72,2290,17.0,10.0,1,0,0
16.0,304.0,150,3433,12.0,20.0,0,0,1
27.5,134.0,95,2560,14.2,10.0,1,0,0
23.0,97.0,54,2254,23.5,10.0,0,1,0
14.0,351.0,153,4129,13.0,20.0,0,0,1
17.0,305.0,130,3840,15.4,20.0,0,0,1
16.0,400.0,170,4668,11.5,20.0,0,0,1
23.0,122.0,86,2220,14.0,10.0,0,0,1
24.0,119.0,97,2545,17.0,10.0,1,0,0
27.0,151.0,90,2735,18.0,10.0,0,0,1
15.0,350.0,145,4082,13.0,20.0,0,0,1
27.0,140.0,86,2790,15.6,10.0,0,0,1
28.0,120.0,79,2625,18.6,10.0,0,0,1
14.0,350.0,165,4209,12.0,20.0,0,0,1
33.5,98.0,83,2075,15.9,10.0,0,0,1
39.0,86.0,64,1875,16.4,10.0,0,0,1
24.0,140.0,92,2865,16.4,10.0,0,0,1
26.5,140.0,72,2565,13.6,10.0,0,0,1
19.4,318.0,140,3735,13.2,20.0,0,0,1
15.0,318.0,150,4135,13.5,20.0,0,0,1
25.5,122.0,96,2300,15.5,10.0,0,0,1
14.0,304.0,150,3672,11.5,20.0,0,0,1
27.4,121.0,80,2670,15.0,10.0,0,0,1
13.0,302.0,130,3870,15.0,20.0,0,0,1
19.0,225.0,100,3630,17.7,15.0,0,0,1
17.0,163.0,125,3140,13.6,15.0,0,1,0
28.0,116.0,90,2123,14.0,10.0,0,1,0
22.0,108.0,94,2379,16.5,10.0,1,0,0
30.0,88.0,76,2065,14.5,10.0,0,1,0
18.0,70.0,90,2124,13.5,7.5,1,0,0
14.0,318.0,150,4077,14.0,20.0,0,0,1
22.0,146.0,97,2815,14.5,15.0,1,0,0
23.8,151.0,85,2855,17.6,10.0,0,0,1
24.0,200.0,81,3012,17.6,15.0,0,0,1
26.0,97.0,78,2300,14.5,10.0,0,1,0
26.0,97.0,46,1950,21.0,10.0,0,1,0
30.0,135.0,84,2385,12.9,10.0,0,0,1
29.0,90.0,70,1937,14.2,10.0,0,1,0
14.0,351.0,153,4154,13.5,20.0,0,0,1
25.4,168.0,116,2900,12.6,15.0,1,0,0
19.0,232.0,100,2901,16.0,15.0,0,0,1
12.0,400.0,167,4906,12.5,20.0,0,0,1
20.0,97.0,88,2279,19.0,10.0,1,0,0
27.0,97.0,88,2130,14.5,10.0,1,0,0
22.3,140.0,88,2890,17.3,10.0,0,0,1
10.0,307.0,200,4376,15.0,20.0,0,0,1
19.2,267.0,125,3605,15.0,20.0,0,0,1
26.0,156.0,92,2585,14.5,10.0,0,0,1
16.0,258.0,110,3632,18.0,15.0,0,0,1
37.3,91.0,69,2130,14.7,10.0,0,1,0
26.0,79.0,67,1963,15.5,10.0,0,1,0
20.2,232.0,90,3265,18.2,15.0,0,0,1
13.0,318.0,150,3755,14.0,20.0,0,0,1
21.0,199.0,90,2648,15.0,15.0,0,0,1
25.0,90.0,71,2223,16.5,10.0,0,1,0
20.5,231.0,105,3425,16.9,15.0,0,0,1
37.7,89.0,62,2050,17.3,10.0,1,0,0
36.0,120.0,88,2160,14.5,10.0,1,0,0
20.0,156.0,122,2807,13.5,15.0,1,0,0
37.0,85.0,65,1975,19.4,10.0,1,0,0
18.0,250.0,88,3021,16.5,15.0,0,0,1
27.0,151.0,90,2950,17.3,10.0,0,0,1
29.5,98.0,68,2135,16.6,10.0,1,0,0
17.5,250.0,110,3520,16.4,15.0,0,0,1
25.1,140.0,88,2720,15.4,10.0,0,0,1
